country_iso_code,question_number,answer
ALB,1.1,Y
ALB,1.3,Y
ALB,2.1.1,Y
ALB,2.2,Y
ALB,2.3,Y
ALB,2.4,Y
ALB,2.5,Y
ALB,2.6,Y
ALB,2.7,Y
ALB,2.8,Y
ALB,2.9,N
ALB,3.4,Y
ALB,3.4.1,N
ALB,3.5,Y
ALB,3.5.1,
ALB,3.6,Y
ALB,4.1,Y
ALB,4.2,Y
ALB,4.3,Y
ALB,4.4,Y
ALB,4.5,Y
ALB,5.1,Y
ALB,5.2,Y
ALB,5.3,Y
ALB,5.4,N
ALB,6.1,Y
ALB,6.1.1,Y
ALB,7.2,Y
ALB,7.3,Y
ALB,8.1,N
DZA,1.1,Y
DZA,1.3,Y
DZA,2.1.1,Y
DZA,2.2,P
DZA,2.3,U
DZA,2.4,U
DZA,2.5,U
DZA,2.6,U
DZA,2.7,Y
DZA,2.8,Y
DZA,2.9,U
DZA,3.4,U
DZA,3.4.1,Y
DZA,3.5,N
DZA,3.5.1,
DZA,3.6,Y
DZA,4.1,Y
DZA,4.2,Y
DZA,4.3,Y
DZA,4.4,Y
DZA,4.5,Y
DZA,5.1,Y
DZA,5.2,Y
DZA,5.3,Y
DZA,5.4,N
DZA,6.1,N
DZA,6.1.1,N
DZA,7.2,Y
DZA,7.3,Y
DZA,8.1,N
AGO,1.1,Y
AGO,1.3,Y
AGO,2.1.1,Y
AGO,2.2,P
AGO,2.3,U
AGO,2.4,U
AGO,2.5,Y
AGO,2.6,N
AGO,2.7,Y
AGO,2.8,N
AGO,2.9,N
AGO,3.4,N
AGO,3.4.1,Y
AGO,3.5,N
AGO,3.5.1,Y
AGO,3.6,Y
AGO,4.1,Y
AGO,4.2,N
AGO,4.3,N
AGO,4.4,N
AGO,4.5,Y
AGO,5.1,Y
AGO,5.2,N
AGO,5.3,Y
AGO,5.4,Y
AGO,6.1,Y
AGO,6.1.1,Y
AGO,7.2,N
AGO,7.3,N
AGO,8.1,N
ARG,1.1,Y
ARG,1.3,Y
ARG,2.1.1,N
ARG,2.2,Y
ARG,2.3,Y
ARG,2.4,Y
ARG,2.5,Y
ARG,2.6,Y
ARG,2.7,Y
ARG,2.8,Y
ARG,2.9,U
ARG,3.4,U
ARG,3.4.1,Y
ARG,3.5,Y
ARG,3.5.1,
ARG,3.6,Y
ARG,4.1,Y
ARG,4.2,N
ARG,4.3,Y
ARG,4.4,Y
ARG,4.5,Y
ARG,5.1,Y
ARG,5.2,Y
ARG,5.3,Y
ARG,5.4,N
ARG,6.1,Y
ARG,6.1.1,Y
ARG,7.2,N
ARG,7.3,Y
ARG,8.1,N
ARM,1.1,Y
ARM,1.3,Y
ARM,2.1.1,X
ARM,2.2,N
ARM,2.3,Y
ARM,2.4,Y
ARM,2.5,Y
ARM,2.6,N
ARM,2.7,Y
ARM,2.8,N
ARM,2.9,N
ARM,3.4,Y
ARM,3.4.1,N
ARM,3.5,N
ARM,3.5.1,Y
ARM,3.6,N
ARM,4.1,Y
ARM,4.2,N
ARM,4.3,N
ARM,4.4,N
ARM,4.5,N
ARM,5.1,Y
ARM,5.2,N
ARM,5.3,N
ARM,5.4,Y
ARM,6.1,N
ARM,6.1.1,N
ARM,7.2,N
ARM,7.3,N
ARM,8.1,Y
AUS,1.1,Y
AUS,1.3,Y
AUS,2.1.1,Y
AUS,2.2,P
AUS,2.3,U
AUS,2.4,U
AUS,2.5,Y
AUS,2.6,Y
AUS,2.7,Y
AUS,2.8,Y
AUS,2.9,U
AUS,3.4,Y
AUS,3.4.1,N
AUS,3.5,Y
AUS,3.5.1,
AUS,3.6,Y
AUS,4.1,Y
AUS,4.2,Y
AUS,4.3,U
AUS,4.4,Y
AUS,4.5,Y
AUS,5.1,Y
AUS,5.2,N
AUS,5.3,Y
AUS,5.4,N
AUS,6.1,Y
AUS,6.1.1,N
AUS,7.2,P
AUS,7.3,Y
AUS,8.1,N
AZE,1.1,N
AZE,1.3,Y
AZE,2.1.1,N
AZE,2.2,Y
AZE,2.3,Y
AZE,2.4,Y
AZE,2.5,Y
AZE,2.6,N
AZE,2.7,Y
AZE,2.8,Y
AZE,2.9,N
AZE,3.4,N
AZE,3.4.1,N
AZE,3.5,U
AZE,3.5.1,U
AZE,3.6,N
AZE,4.1,N
AZE,4.2,Y
AZE,4.3,N
AZE,4.4,P
AZE,4.5,Y
AZE,5.1,Y
AZE,5.2,Y
AZE,5.3,Y
AZE,5.4,N
AZE,6.1,N
AZE,6.1.1,N
AZE,7.2,N
AZE,7.3,N
AZE,8.1,N
BHR,1.1,Y
BHR,1.3,Y
BHR,2.1.1,N
BHR,2.2,P
BHR,2.3,U
BHR,2.4,U
BHR,2.5,Y
BHR,2.6,N
BHR,2.7,N
BHR,2.8,Y
BHR,2.9,N
BHR,3.4,Y
BHR,3.4.1,N
BHR,3.5,Y
BHR,3.5.1,
BHR,3.6,N
BHR,4.1,Y
BHR,4.2,N
BHR,4.3,Y
BHR,4.4,Y
BHR,4.5,Y
BHR,5.1,Y
BHR,5.2,P
BHR,5.3,P
BHR,5.4,N
BHR,6.1,Y
BHR,6.1.1,Y
BHR,7.2,Y
BHR,7.3,N
BHR,8.1,N
BLR,1.1,N
BLR,1.3,Y
BLR,2.1.1,Y
BLR,2.2,Y
BLR,2.3,Y
BLR,2.4,Y
BLR,2.5,Y
BLR,2.6,Y
BLR,2.7,Y
BLR,2.8,Y
BLR,2.9,N
BLR,3.4,Y
BLR,3.4.1,N
BLR,3.5,N
BLR,3.5.1,N
BLR,3.6,Y
BLR,4.1,Y
BLR,4.2,N
BLR,4.3,Y
BLR,4.4,N
BLR,4.5,Y
BLR,5.1,Y
BLR,5.2,Y
BLR,5.3,Y
BLR,5.4,N
BLR,6.1,Y
BLR,6.1.1,N
BLR,7.2,Y
BLR,7.3,Y
BLR,8.1,N
BEL,1.1,Y
BEL,1.3,Y
BEL,2.1.1,Y
BEL,2.2,P
BEL,2.3,Y
BEL,2.4,U
BEL,2.5,Y
BEL,2.6,Y
BEL,2.7,Y
BEL,2.8,N
BEL,2.9,Y
BEL,3.4,Y
BEL,3.4.1,N
BEL,3.5,Y
BEL,3.5.1,
BEL,3.6,Y
BEL,4.1,Y
BEL,4.2,N
BEL,4.3,Y
BEL,4.4,P
BEL,4.5,Y
BEL,5.1,Y
BEL,5.2,P
BEL,5.3,Y
BEL,5.4,Y
BEL,6.1,Y
BEL,6.1.1,Y
BEL,7.2,N
BEL,7.3,N
BEL,8.1,Y
BEN,1.1,N
BEN,1.3,N
BEN,2.1.1,Y
BEN,2.2,N
BEN,2.3,Y
BEN,2.4,N
BEN,2.5,Y
BEN,2.6,N
BEN,2.7,N
BEN,2.8,Y
BEN,2.9,N
BEN,3.4,N
BEN,3.4.1,N
BEN,3.5,N
BEN,3.5.1,X
BEN,3.6,N
BEN,4.1,N
BEN,4.2,N
BEN,4.3,N
BEN,4.4,Y
BEN,4.5,Y
BEN,5.1,Y
BEN,5.2,Y
BEN,5.3,N
BEN,5.4,N
BEN,6.1,Y
BEN,6.1.1,N
BEN,7.2,Y
BEN,7.3,Y
BEN,8.1,N
CAN,1.1,Y
CAN,1.3,Y
CAN,2.1.1,Y
CAN,2.2,Y
CAN,2.3,Y
CAN,2.4,Y
CAN,2.5,Y
CAN,2.6,Y
CAN,2.7,Y
CAN,2.8,Y
CAN,2.9,Y
CAN,3.4,Y
CAN,3.4.1,Y
CAN,3.5,Y
CAN,3.5.1,
CAN,3.6,Y
CAN,4.1,Y
CAN,4.2,Y
CAN,4.3,X
CAN,4.4,Y
CAN,4.5,Y
CAN,5.1,Y
CAN,5.2,Y
CAN,5.3,Y
CAN,5.4,Y
CAN,6.1,Y
CAN,6.1.1,N
CAN,7.2,Y
CAN,7.3,N
CAN,8.1,Y
CHN,1.1,Y
CHN,1.3,Y
CHN,2.1.1,N
CHN,2.2,Y
CHN,2.3,Y
CHN,2.4,Y
CHN,2.5,Y
CHN,2.6,Y
CHN,2.7,Y
CHN,2.8,Y
CHN,2.9,Y
CHN,3.4,Y
CHN,3.4.1,Y
CHN,3.5,Y
CHN,3.5.1,
CHN,3.6,Y
CHN,4.1,Y
CHN,4.2,Y
CHN,4.3,Y
CHN,4.4,Y
CHN,4.5,Y
CHN,5.1,Y
CHN,5.2,Y
CHN,5.3,Y
CHN,5.4,N
CHN,6.1,Y
CHN,6.1.1,N
CHN,7.2,Y
CHN,7.3,Y
CHN,8.1,N
COG,1.1,Y
COG,1.3,Y
COG,2.1.1,Y
COG,2.2,Y
COG,2.3,Y
COG,2.4,N
COG,2.5,N
COG,2.6,N
COG,2.7,Y
COG,2.8,Y
COG,2.9,Y
COG,3.4,N
COG,3.4.1,N
COG,3.5,N
COG,3.5.1,N
COG,3.6,N
COG,4.1,Y
COG,4.2,N
COG,4.3,N
COG,4.4,N
COG,4.5,X
COG,5.1,Y
COG,5.2,Y
COG,5.3,N
COG,5.4,Y
COG,6.1,Y
COG,6.1.1,N
COG,7.2,N
COG,7.3,Y
COG,8.1,N
CRI,1.1,Y
CRI,1.3,Y
CRI,2.1.1,X
CRI,2.2,Y
CRI,2.3,Y
CRI,2.4,N
CRI,2.5,Y
CRI,2.6,Y
CRI,2.7,Y
CRI,2.8,N
CRI,2.9,N
CRI,3.4,Y
CRI,3.4.1,N
CRI,3.5,Y
CRI,3.5.1,
CRI,3.6,Y
CRI,4.1,Y
CRI,4.2,Y
CRI,4.3,Y
CRI,4.4,Y
CRI,4.5,Y
CRI,5.1,Y
CRI,5.2,Y
CRI,5.3,Y
CRI,5.4,N
CRI,6.1,Y
CRI,6.1.1,Y
CRI,7.2,N
CRI,7.3,Y
CRI,8.1,N
CIV,1.1,Y
CIV,1.3,Y
CIV,2.1.1,Y
CIV,2.2,N
CIV,2.3,N
CIV,2.4,N
CIV,2.5,N
CIV,2.6,N
CIV,2.7,N
CIV,2.8,N
CIV,2.9,N
CIV,3.4,U
CIV,3.4.1,N
CIV,3.5,Y
CIV,3.5.1,
CIV,3.6,Y
CIV,4.1,Y
CIV,4.2,N
CIV,4.3,N
CIV,4.4,P
CIV,4.5,Y
CIV,5.1,N
CIV,5.2,N
CIV,5.3,N
CIV,5.4,N
CIV,6.1,N
CIV,6.1.1,N
CIV,7.2,N
CIV,7.3,N
CIV,8.1,N
CUB,1.1,Y
CUB,1.3,Y
CUB,2.1.1,N
CUB,2.2,Y
CUB,2.3,U
CUB,2.4,N
CUB,2.5,Y
CUB,2.6,N
CUB,2.7,N
CUB,2.8,Y
CUB,2.9,N
CUB,3.4,Y
CUB,3.4.1,N
CUB,3.5,N
CUB,3.5.1,Y
CUB,3.6,Y
CUB,4.1,Y
CUB,4.2,N
CUB,4.3,Y
CUB,4.4,P
CUB,4.5,Y
CUB,5.1,Y
CUB,5.2,N
CUB,5.3,N
CUB,5.4,N
CUB,6.1,Y
CUB,6.1.1,Y
CUB,7.2,N
CUB,7.3,N
CUB,8.1,N
CYP,1.1,
CYP,1.3,
CYP,2.1.1,N
CYP,2.2,Y
CYP,2.3,N
CYP,2.4,Y
CYP,2.5,Y
CYP,2.6,Y
CYP,2.7,N
CYP,2.8,N
CYP,2.9,Y
CYP,3.4,U
CYP,3.4.1,N
CYP,3.5,N
CYP,3.5.1,
CYP,3.6,
CYP,4.1,
CYP,4.2,
CYP,4.3,
CYP,4.4,
CYP,4.5,
CYP,5.1,
CYP,5.2,
CYP,5.3,
CYP,5.4,
CYP,6.1,
CYP,6.1.1,N
CYP,7.2,
CYP,7.3,
CYP,8.1,
CZE,1.1,N
CZE,1.3,Y
CZE,2.1.1,N
CZE,2.2,P
CZE,2.3,U
CZE,2.4,U
CZE,2.5,Y
CZE,2.6,Y
CZE,2.7,Y
CZE,2.8,N
CZE,2.9,Y
CZE,3.4,Y
CZE,3.4.1,N
CZE,3.5,Y
CZE,3.5.1,
CZE,3.6,N
CZE,4.1,Y
CZE,4.2,Y
CZE,4.3,Y
CZE,4.4,P
CZE,4.5,Y
CZE,5.1,Y
CZE,5.2,N
CZE,5.3,Y
CZE,5.4,Y
CZE,6.1,N
CZE,6.1.1,N
CZE,7.2,N
CZE,7.3,N
CZE,8.1,N
DNK,1.1,N
DNK,1.3,Y
DNK,2.1.1,X
DNK,2.2,Y
DNK,2.3,N
DNK,2.4,Y
DNK,2.5,Y
DNK,2.6,Y
DNK,2.7,Y
DNK,2.8,Y
DNK,2.9,Y
DNK,3.4,Y
DNK,3.4.1,Y
DNK,3.5,Y
DNK,3.5.1,
DNK,3.6,Y
DNK,4.1,Y
DNK,4.2,N
DNK,4.3,N
DNK,4.4,N
DNK,4.5,Y
DNK,5.1,Y
DNK,5.2,Y
DNK,5.3,Y
DNK,5.4,Y
DNK,6.1,Y
DNK,6.1.1,Y
DNK,7.2,Y
DNK,7.3,N
DNK,8.1,Y
DOM,1.1,Y
DOM,1.3,Y
DOM,2.1.1,X
DOM,2.2,P
DOM,2.3,Y
DOM,2.4,N
DOM,2.5,Y
DOM,2.6,Y
DOM,2.7,Y
DOM,2.8,Y
DOM,2.9,Y
DOM,3.4,Y
DOM,3.4.1,N
DOM,3.5,Y
DOM,3.5.1,
DOM,3.6,Y
DOM,4.1,Y
DOM,4.2,X
DOM,4.3,N
DOM,4.4,Y
DOM,4.5,Y
DOM,5.1,Y
DOM,5.2,Y
DOM,5.3,N
DOM,5.4,N
DOM,6.1,Y
DOM,6.1.1,N
DOM,7.2,Y
DOM,7.3,Y
DOM,8.1,N
ECU,1.1,Y
ECU,1.3,Y
ECU,2.1.1,N
ECU,2.2,N
ECU,2.3,N
ECU,2.4,U
ECU,2.5,N
ECU,2.6,N
ECU,2.7,N
ECU,2.8,Y
ECU,2.9,N
ECU,3.4,Y
ECU,3.4.1,Y
ECU,3.5,Y
ECU,3.5.1,Y
ECU,3.6,Y
ECU,4.1,Y
ECU,4.2,Y
ECU,4.3,N
ECU,4.4,N
ECU,4.5,Y
ECU,5.1,Y
ECU,5.2,N
ECU,5.3,N
ECU,5.4,N
ECU,6.1,Y
ECU,6.1.1,Y
ECU,7.2,Y
ECU,7.3,Y
ECU,8.1,N
EGY,1.1,Y
EGY,1.3,Y
EGY,2.1.1,Y
EGY,2.2,P
EGY,2.3,Y
EGY,2.4,U
EGY,2.5,Y
EGY,2.6,Y
EGY,2.7,Y
EGY,2.8,Y
EGY,2.9,Y
EGY,3.4,Y
EGY,3.4.1,N
EGY,3.5,Y
EGY,3.5.1,Y
EGY,3.6,
EGY,4.1,Y
EGY,4.2,N
EGY,4.3,N
EGY,4.4,P
EGY,4.5,Y
EGY,5.1,P
EGY,5.2,N
EGY,5.3,P
EGY,5.4,Y
EGY,6.1,Y
EGY,6.1.1,Y
EGY,7.2,Y
EGY,7.3,Y
EGY,8.1,Y
FIN,1.1,Y
FIN,1.3,Y
FIN,2.1.1,N
FIN,2.2,Y
FIN,2.3,Y
FIN,2.4,Y
FIN,2.5,Y
FIN,2.6,U
FIN,2.7,Y
FIN,2.8,Y
FIN,2.9,Y
FIN,3.4,Y
FIN,3.4.1,N
FIN,3.5,Y
FIN,3.5.1,
FIN,3.6,N
FIN,4.1,Y
FIN,4.2,Y
FIN,4.3,Y
FIN,4.4,Y
FIN,4.5,Y
FIN,5.1,Y
FIN,5.2,Y
FIN,5.3,Y
FIN,5.4,Y
FIN,6.1,Y
FIN,6.1.1,Y
FIN,7.2,Y
FIN,7.3,Y
FIN,8.1,N
FRA,1.1,Y
FRA,1.3,Y
FRA,2.1.1,N
FRA,2.2,Y
FRA,2.3,Y
FRA,2.4,Y
FRA,2.5,Y
FRA,2.6,Y
FRA,2.7,Y
FRA,2.8,N
FRA,2.9,Y
FRA,3.4,Y
FRA,3.4.1,N
FRA,3.5,Y
FRA,3.5.1,
FRA,3.6,N
FRA,4.1,N
FRA,4.2,N
FRA,4.3,N
FRA,4.4,Y
FRA,4.5,Y
FRA,5.1,Y
FRA,5.2,N
FRA,5.3,Y
FRA,5.4,Y
FRA,6.1,N
FRA,6.1.1,N
FRA,7.2,Y
FRA,7.3,Y
FRA,8.1,N
GMB,1.1,Y
GMB,1.3,N
GMB,2.1.1,X
GMB,2.2,N
GMB,2.3,N
GMB,2.4,N
GMB,2.5,N
GMB,2.6,N
GMB,2.7,N
GMB,2.8,N
GMB,2.9,N
GMB,3.4,N
GMB,3.4.1,N
GMB,3.5,N
GMB,3.5.1,N
GMB,3.6,N
GMB,4.1,N
GMB,4.2,N
GMB,4.3,N
GMB,4.4,N
GMB,4.5,N
GMB,5.1,N
GMB,5.2,N
GMB,5.3,N
GMB,5.4,N
GMB,6.1,N
GMB,6.1.1,N
GMB,7.2,N
GMB,7.3,Y
GMB,8.1,Y
GEO,1.1,Y
GEO,1.3,Y
GEO,2.1.1,N
GEO,2.2,Y
GEO,2.3,Y
GEO,2.4,U
GEO,2.5,U
GEO,2.6,U
GEO,2.7,Y
GEO,2.8,Y
GEO,2.9,U
GEO,3.4,Y
GEO,3.4.1,N
GEO,3.5,Y
GEO,3.5.1,
GEO,3.6,Y
GEO,4.1,Y
GEO,4.2,N
GEO,4.3,Y
GEO,4.4,Y
GEO,4.5,Y
GEO,5.1,N
GEO,5.2,Y
GEO,5.3,Y
GEO,5.4,N
GEO,6.1,Y
GEO,6.1.1,Y
GEO,7.2,Y
GEO,7.3,Y
GEO,8.1,Y
DEU,1.1,Y
DEU,1.3,Y
DEU,2.1.1,Y
DEU,2.2,Y
DEU,2.3,Y
DEU,2.4,N
DEU,2.5,Y
DEU,2.6,Y
DEU,2.7,Y
DEU,2.8,Y
DEU,2.9,N
DEU,3.4,Y
DEU,3.4.1,Y
DEU,3.5,Y
DEU,3.5.1,
DEU,3.6,Y
DEU,4.1,Y
DEU,4.2,Y
DEU,4.3,N
DEU,4.4,Y
DEU,4.5,Y
DEU,5.1,Y
DEU,5.2,N
DEU,5.3,Y
DEU,5.4,Y
DEU,6.1,Y
DEU,6.1.1,Y
DEU,7.2,N
DEU,7.3,Y
DEU,8.1,N
GRC,1.1,Y
GRC,1.3,Y
GRC,2.1.1,N
GRC,2.2,N
GRC,2.3,N
GRC,2.4,U
GRC,2.5,Y
GRC,2.6,U
GRC,2.7,Y
GRC,2.8,N
GRC,2.9,U
GRC,3.4,U
GRC,3.4.1,Y
GRC,3.5,Y
GRC,3.5.1,
GRC,3.6,Y
GRC,4.1,Y
GRC,4.2,N
GRC,4.3,N
GRC,4.4,Y
GRC,4.5,Y
GRC,5.1,Y
GRC,5.2,N
GRC,5.3,N
GRC,5.4,N
GRC,6.1,Y
GRC,6.1.1,Y
GRC,7.2,N
GRC,7.3,N
GRC,8.1,N
GNB,1.1,N
GNB,1.3,Y
GNB,2.1.1,Y
GNB,2.2,Y
GNB,2.3,Y
GNB,2.4,N
GNB,2.5,U
GNB,2.6,N
GNB,2.7,Y
GNB,2.8,N
GNB,2.9,Y
GNB,3.4,N
GNB,3.4.1,N
GNB,3.5,N
GNB,3.5.1,N
GNB,3.6,N
GNB,4.1,N
GNB,4.2,N
GNB,4.3,N
GNB,4.4,N
GNB,4.5,N
GNB,5.1,Y
GNB,5.2,Y
GNB,5.3,Y
GNB,5.4,Y
GNB,6.1,N
GNB,6.1.1,N
GNB,7.2,Y
GNB,7.3,N
GNB,8.1,Y
HUN,1.1,Y
HUN,1.3,Y
HUN,2.1.1,Y
HUN,2.2,Y
HUN,2.3,Y
HUN,2.4,N
HUN,2.5,Y
HUN,2.6,U
HUN,2.7,Y
HUN,2.8,Y
HUN,2.9,N
HUN,3.4,Y
HUN,3.4.1,Y
HUN,3.5,Y
HUN,3.5.1,
HUN,3.6,N
HUN,4.1,Y
HUN,4.2,Y
HUN,4.3,N
HUN,4.4,Y
HUN,4.5,Y
HUN,5.1,Y
HUN,5.2,N
HUN,5.3,Y
HUN,5.4,Y
HUN,6.1,Y
HUN,6.1.1,N
HUN,7.2,Y
HUN,7.3,Y
HUN,8.1,N
IND,1.1,Y
IND,1.3,Y
IND,2.1.1,N
IND,2.2,Y
IND,2.3,Y
IND,2.4,N
IND,2.5,Y
IND,2.6,N
IND,2.7,N
IND,2.8,N
IND,2.9,N
IND,3.4,Y
IND,3.4.1,N
IND,3.5,N
IND,3.5.1,U
IND,3.6,N
IND,4.1,N
IND,4.2,N
IND,4.3,N
IND,4.4,P
IND,4.5,N
IND,5.1,N
IND,5.2,Y
IND,5.3,N
IND,5.4,N
IND,6.1,N
IND,6.1.1,N
IND,7.2,N
IND,7.3,N
IND,8.1,N
IDN,1.1,Y
IDN,1.3,Y
IDN,2.1.1,N
IDN,2.2,Y
IDN,2.3,Y
IDN,2.4,Y
IDN,2.5,Y
IDN,2.6,U
IDN,2.7,Y
IDN,2.8,N
IDN,2.9,U
IDN,3.4,Y
IDN,3.4.1,Y
IDN,3.5,Y
IDN,3.5.1,
IDN,3.6,Y
IDN,4.1,N
IDN,4.2,N
IDN,4.3,N
IDN,4.4,Y
IDN,4.5,N
IDN,5.1,N
IDN,5.2,N
IDN,5.3,N
IDN,5.4,Y
IDN,6.1,Y
IDN,6.1.1,Y
IDN,7.2,Y
IDN,7.3,Y
IDN,8.1,Y
IRN,1.1,Y
IRN,1.3,Y
IRN,2.1.1,X
IRN,2.2,P
IRN,2.3,Y
IRN,2.4,U
IRN,2.5,Y
IRN,2.6,Y
IRN,2.7,Y
IRN,2.8,N
IRN,2.9,N
IRN,3.4,Y
IRN,3.4.1,Y
IRN,3.5,N
IRN,3.5.1,Y
IRN,3.6,N
IRN,4.1,Y
IRN,4.2,Y
IRN,4.3,N
IRN,4.4,N
IRN,4.5,Y
IRN,5.1,Y
IRN,5.2,Y
IRN,5.3,Y
IRN,5.4,N
IRN,6.1,Y
IRN,6.1.1,N
IRN,7.2,Y
IRN,7.3,Y
IRN,8.1,Y
IRL,1.1,Y
IRL,1.3,Y
IRL,2.1.1,Y
IRL,2.2,Y
IRL,2.3,Y
IRL,2.4,Y
IRL,2.5,Y
IRL,2.6,Y
IRL,2.7,Y
IRL,2.8,P
IRL,2.9,U
IRL,3.4,Y
IRL,3.4.1,N
IRL,3.5,Y
IRL,3.5.1,
IRL,3.6,N
IRL,4.1,Y
IRL,4.2,Y
IRL,4.3,Y
IRL,4.4,Y
IRL,4.5,Y
IRL,5.1,Y
IRL,5.2,Y
IRL,5.3,Y
IRL,5.4,N
IRL,6.1,Y
IRL,6.1.1,Y
IRL,7.2,Y
IRL,7.3,N
IRL,8.1,Y
ITA,1.1,Y
ITA,1.3,Y
ITA,2.1.1,Y
ITA,2.2,P
ITA,2.3,Y
ITA,2.4,Y
ITA,2.5,Y
ITA,2.6,Y
ITA,2.7,Y
ITA,2.8,Y
ITA,2.9,U
ITA,3.4,Y
ITA,3.4.1,N
ITA,3.5,Y
ITA,3.5.1,
ITA,3.6,Y
ITA,4.1,Y
ITA,4.2,N
ITA,4.3,N
ITA,4.4,N
ITA,4.5,Y
ITA,5.1,Y
ITA,5.2,N
ITA,5.3,Y
ITA,5.4,Y
ITA,6.1,Y
ITA,6.1.1,Y
ITA,7.2,Y
ITA,7.3,Y
ITA,8.1,N
JPN,1.1,Y
JPN,1.3,Y
JPN,2.1.1,N
JPN,2.2,P
JPN,2.3,Y
JPN,2.4,Y
JPN,2.5,Y
JPN,2.6,Y
JPN,2.7,N
JPN,2.8,N
JPN,2.9,Y
JPN,3.4,Y
JPN,3.4.1,N
JPN,3.5,Y
JPN,3.5.1,
JPN,3.6,N
JPN,4.1,Y
JPN,4.2,N
JPN,4.3,N
JPN,4.4,Y
JPN,4.5,Y
JPN,5.1,N
JPN,5.2,N
JPN,5.3,N
JPN,5.4,N
JPN,6.1,Y
JPN,6.1.1,Y
JPN,7.2,N
JPN,7.3,N
JPN,8.1,Y
LVA,1.1,Y
LVA,1.3,Y
LVA,2.1.1,N
LVA,2.2,Y
LVA,2.3,Y
LVA,2.4,Y
LVA,2.5,Y
LVA,2.6,Y
LVA,2.7,Y
LVA,2.8,N
LVA,2.9,Y
LVA,3.4,Y
LVA,3.4.1,N
LVA,3.5,N
LVA,3.5.1,Y
LVA,3.6,N
LVA,4.1,Y
LVA,4.2,N
LVA,4.3,Y
LVA,4.4,N
LVA,4.5,Y
LVA,5.1,Y
LVA,5.2,Y
LVA,5.3,Y
LVA,5.4,N
LVA,6.1,Y
LVA,6.1.1,Y
LVA,7.2,N
LVA,7.3,Y
LVA,8.1,N
LBY,1.1,Y
LBY,1.3,X
LBY,2.1.1,X
LBY,2.2,X
LBY,2.3,X
LBY,2.4,X
LBY,2.5,X
LBY,2.6,X
LBY,2.7,X
LBY,2.8,X
LBY,2.9,X
LBY,3.4,Y
LBY,3.4.1,N
LBY,3.5,X
LBY,3.5.1,
LBY,3.6,X
LBY,4.1,N
LBY,4.2,X
LBY,4.3,X
LBY,4.4,X
LBY,4.5,X
LBY,5.1,Y
LBY,5.2,X
LBY,5.3,X
LBY,5.4,X
LBY,6.1,
LBY,6.1.1,N
LBY,7.2,X
LBY,7.3,X
LBY,8.1,Y
LTU,1.1,Y
LTU,1.3,N
LTU,2.1.1,N
LTU,2.2,P
LTU,2.3,U
LTU,2.4,U
LTU,2.5,Y
LTU,2.6,Y
LTU,2.7,Y
LTU,2.8,N
LTU,2.9,U
LTU,3.4,Y
LTU,3.4.1,N
LTU,3.5,Y
LTU,3.5.1,
LTU,3.6,Y
LTU,4.1,Y
LTU,4.2,N
LTU,4.3,Y
LTU,4.4,N
LTU,4.5,N
LTU,5.1,Y
LTU,5.2,Y
LTU,5.3,Y
LTU,5.4,N
LTU,6.1,N
LTU,6.1.1,N
LTU,7.2,N
LTU,7.3,N
LTU,8.1,N
LUX,1.1,Y
LUX,1.3,Y
LUX,2.1.1,Y
LUX,2.2,P
LUX,2.3,Y
LUX,2.4,Y
LUX,2.5,Y
LUX,2.6,Y
LUX,2.7,Y
LUX,2.8,Y
LUX,2.9,U
LUX,3.4,Y
LUX,3.4.1,N
LUX,3.5,Y
LUX,3.5.1,
LUX,3.6,N
LUX,4.1,Y
LUX,4.2,N
LUX,4.3,Y
LUX,4.4,P
LUX,4.5,Y
LUX,5.1,Y
LUX,5.2,Y
LUX,5.3,Y
LUX,5.4,Y
LUX,6.1,Y
LUX,6.1.1,Y
LUX,7.2,N
LUX,7.3,N
LUX,8.1,Y
MYS,1.1,Y
MYS,1.3,Y
MYS,2.1.1,X
MYS,2.2,Y
MYS,2.3,Y
MYS,2.4,Y
MYS,2.5,X
MYS,2.6,Y
MYS,2.7,Y
MYS,2.8,Y
MYS,2.9,Y
MYS,3.4,Y
MYS,3.4.1,N
MYS,3.5,Y
MYS,3.5.1,
MYS,3.6,Y
MYS,4.1,Y
MYS,4.2,Y
MYS,4.3,Y
MYS,4.4,Y
MYS,4.5,Y
MYS,5.1,Y
MYS,5.2,N
MYS,5.3,Y
MYS,5.4,N
MYS,6.1,Y
MYS,6.1.1,Y
MYS,7.2,Y
MYS,7.3,Y
MYS,8.1,Y
MLI,1.1,Y
MLI,1.3,Y
MLI,2.1.1,N
MLI,2.2,N
MLI,2.3,N
MLI,2.4,N
MLI,2.5,N
MLI,2.6,U
MLI,2.7,N
MLI,2.8,N
MLI,2.9,U
MLI,3.4,N
MLI,3.4.1,N
MLI,3.5,N
MLI,3.5.1,N
MLI,3.6,N
MLI,4.1,N
MLI,4.2,N
MLI,4.3,N
MLI,4.4,N
MLI,4.5,N
MLI,5.1,N
MLI,5.2,N
MLI,5.3,N
MLI,5.4,N
MLI,6.1,Y
MLI,6.1.1,Y
MLI,7.2,N
MLI,7.3,N
MLI,8.1,N
MRT,1.1,Y
MRT,1.3,Y
MRT,2.1.1,N
MRT,2.2,P
MRT,2.3,N
MRT,2.4,N
MRT,2.5,N
MRT,2.6,N
MRT,2.7,N
MRT,2.8,N
MRT,2.9,N
MRT,3.4,U
MRT,3.4.1,N
MRT,3.5,N
MRT,3.5.1,N
MRT,3.6,
MRT,4.1,Y
MRT,4.2,N
MRT,4.3,N
MRT,4.4,P
MRT,4.5,N
MRT,5.1,N
MRT,5.2,N
MRT,5.3,N
MRT,5.4,N
MRT,6.1,N
MRT,6.1.1,N
MRT,7.2,N
MRT,7.3,N
MRT,8.1,N
MUS,1.1,Y
MUS,1.3,Y
MUS,2.1.1,Y
MUS,2.2,N
MUS,2.3,N
MUS,2.4,N
MUS,2.5,Y
MUS,2.6,Y
MUS,2.7,Y
MUS,2.8,Y
MUS,2.9,U
MUS,3.4,N
MUS,3.4.1,N
MUS,3.5,Y
MUS,3.5.1,Y
MUS,3.6,Y
MUS,4.1,N
MUS,4.2,N
MUS,4.3,N
MUS,4.4,N
MUS,4.5,N
MUS,5.1,Y
MUS,5.2,N
MUS,5.3,Y
MUS,5.4,N
MUS,6.1,Y
MUS,6.1.1,N
MUS,7.2,Y
MUS,7.3,N
MUS,8.1,Y
MEX,1.1,Y
MEX,1.3,Y
MEX,2.1.1,N
MEX,2.2,P
MEX,2.3,Y
MEX,2.4,Y
MEX,2.5,Y
MEX,2.6,N
MEX,2.7,Y
MEX,2.8,Y
MEX,2.9,Y
MEX,3.4,Y
MEX,3.4.1,N
MEX,3.5,Y
MEX,3.5.1,Y
MEX,3.6,Y
MEX,4.1,N
MEX,4.2,N
MEX,4.3,N
MEX,4.4,P
MEX,4.5,Y
MEX,5.1,N
MEX,5.2,Y
MEX,5.3,N
MEX,5.4,N
MEX,6.1,Y
MEX,6.1.1,N
MEX,7.2,Y
MEX,7.3,N
MEX,8.1,N
MNG,1.1,Y
MNG,1.3,Y
MNG,2.1.1,N
MNG,2.2,Y
MNG,2.3,U
MNG,2.4,N
MNG,2.5,Y
MNG,2.6,Y
MNG,2.7,Y
MNG,2.8,Y
MNG,2.9,N
MNG,3.4,Y
MNG,3.4.1,N
MNG,3.5,N
MNG,3.5.1,X
MNG,3.6,N
MNG,4.1,Y
MNG,4.2,Y
MNG,4.3,N
MNG,4.4,P
MNG,4.5,N
MNG,5.1,Y
MNG,5.2,N
MNG,5.3,Y
MNG,5.4,N
MNG,6.1,Y
MNG,6.1.1,Y
MNG,7.2,N
MNG,7.3,N
MNG,8.1,N
MAR,1.1,Y
MAR,1.3,Y
MAR,2.1.1,Y
MAR,2.2,P
MAR,2.3,N
MAR,2.4,N
MAR,2.5,U
MAR,2.6,Y
MAR,2.7,N
MAR,2.8,N
MAR,2.9,N
MAR,3.4,N
MAR,3.4.1,N
MAR,3.5,N
MAR,3.5.1,Y
MAR,3.6,N
MAR,4.1,N
MAR,4.2,N
MAR,4.3,N
MAR,4.4,P
MAR,4.5,Y
MAR,5.1,N
MAR,5.2,N
MAR,5.3,N
MAR,5.4,X
MAR,6.1,N
MAR,6.1.1,N
MAR,7.2,N
MAR,7.3,N
MAR,8.1,N
NLD,1.1,Y
NLD,1.3,Y
NLD,2.1.1,N
NLD,2.2,Y
NLD,2.3,Y
NLD,2.4,Y
NLD,2.5,Y
NLD,2.6,Y
NLD,2.7,Y
NLD,2.8,Y
NLD,2.9,Y
NLD,3.4,Y
NLD,3.4.1,Y
NLD,3.5,Y
NLD,3.5.1,
NLD,3.6,Y
NLD,4.1,Y
NLD,4.2,N
NLD,4.3,P
NLD,4.4,Y
NLD,4.5,Y
NLD,5.1,Y
NLD,5.2,Y
NLD,5.3,Y
NLD,5.4,Y
NLD,6.1,Y
NLD,6.1.1,N
NLD,7.2,Y
NLD,7.3,Y
NLD,8.1,Y
NER,1.1,N
NER,1.3,N
NER,2.1.1,N
NER,2.2,N
NER,2.3,N
NER,2.4,N
NER,2.5,N
NER,2.6,N
NER,2.7,N
NER,2.8,Y
NER,2.9,N
NER,3.4,N
NER,3.4.1,N
NER,3.5,N
NER,3.5.1,N
NER,3.6,N
NER,4.1,N
NER,4.2,N
NER,4.3,N
NER,4.4,N
NER,4.5,Y
NER,5.1,N
NER,5.2,N
NER,5.3,N
NER,5.4,N
NER,6.1,Y
NER,6.1.1,Y
NER,7.2,N
NER,7.3,N
NER,8.1,N
NGA,1.1,Y
NGA,1.3,Y
NGA,2.1.1,Y
NGA,2.2,Y
NGA,2.3,Y
NGA,2.4,Y
NGA,2.5,N
NGA,2.6,N
NGA,2.7,N
NGA,2.8,Y
NGA,2.9,U
NGA,3.4,Y
NGA,3.4.1,N
NGA,3.5,Y
NGA,3.5.1,
NGA,3.6,Y
NGA,4.1,Y
NGA,4.2,N
NGA,4.3,Y
NGA,4.4,P
NGA,4.5,Y
NGA,5.1,Y
NGA,5.2,N
NGA,5.3,N
NGA,5.4,N
NGA,6.1,Y
NGA,6.1.1,N
NGA,7.2,Y
NGA,7.3,Y
NGA,8.1,Y
MKD,1.1,Y
MKD,1.3,Y
MKD,2.1.1,X
MKD,2.2,N
MKD,2.3,Y
MKD,2.4,U
MKD,2.5,Y
MKD,2.6,Y
MKD,2.7,Y
MKD,2.8,N
MKD,2.9,N
MKD,3.4,U
MKD,3.4.1,N
MKD,3.5,N
MKD,3.5.1,Y
MKD,3.6,Y
MKD,4.1,N
MKD,4.2,N
MKD,4.3,N
MKD,4.4,Y
MKD,4.5,Y
MKD,5.1,N
MKD,5.2,N
MKD,5.3,N
MKD,5.4,N
MKD,6.1,Y
MKD,6.1.1,N
MKD,7.2,N
MKD,7.3,N
MKD,8.1,N
NOR,1.1,Y
NOR,1.3,Y
NOR,2.1.1,N
NOR,2.2,Y
NOR,2.3,Y
NOR,2.4,Y
NOR,2.5,Y
NOR,2.6,N
NOR,2.7,Y
NOR,2.8,N
NOR,2.9,Y
NOR,3.4,Y
NOR,3.4.1,N
NOR,3.5,Y
NOR,3.5.1,
NOR,3.6,N
NOR,4.1,Y
NOR,4.2,N
NOR,4.3,Y
NOR,4.4,P
NOR,4.5,Y
NOR,5.1,Y
NOR,5.2,Y
NOR,5.3,Y
NOR,5.4,Y
NOR,6.1,Y
NOR,6.1.1,Y
NOR,7.2,Y
NOR,7.3,N
NOR,8.1,N
PER,1.1,Y
PER,1.3,Y
PER,2.1.1,Y
PER,2.2,Y
PER,2.3,Y
PER,2.4,U
PER,2.5,Y
PER,2.6,N
PER,2.7,Y
PER,2.8,N
PER,2.9,U
PER,3.4,U
PER,3.4.1,N
PER,3.5,N
PER,3.5.1,
PER,3.6,Y
PER,4.1,N
PER,4.2,N
PER,4.3,N
PER,4.4,N
PER,4.5,Y
PER,5.1,N
PER,5.2,N
PER,5.3,N
PER,5.4,N
PER,6.1,Y
PER,6.1.1,N
PER,7.2,N
PER,7.3,N
PER,8.1,N
PHL,1.1,N
PHL,1.3,N
PHL,2.1.1,Y
PHL,2.2,Y
PHL,2.3,Y
PHL,2.4,N
PHL,2.5,Y
PHL,2.6,Y
PHL,2.7,Y
PHL,2.8,Y
PHL,2.9,Y
PHL,3.4,Y
PHL,3.4.1,N
PHL,3.5,N
PHL,3.5.1,U
PHL,3.6,Y
PHL,4.1,Y
PHL,4.2,N
PHL,4.3,N
PHL,4.4,N
PHL,4.5,Y
PHL,5.1,N
PHL,5.2,N
PHL,5.3,Y
PHL,5.4,N
PHL,6.1,Y
PHL,6.1.1,N
PHL,7.2,N
PHL,7.3,N
PHL,8.1,Y
PRT,1.1,Y
PRT,1.3,Y
PRT,2.1.1,X
PRT,2.2,Y
PRT,2.3,Y
PRT,2.4,N
PRT,2.5,Y
PRT,2.6,Y
PRT,2.7,Y
PRT,2.8,Y
PRT,2.9,U
PRT,3.4,Y
PRT,3.4.1,Y
PRT,3.5,Y
PRT,3.5.1,
PRT,3.6,Y
PRT,4.1,Y
PRT,4.2,N
PRT,4.3,Y
PRT,4.4,Y
PRT,4.5,Y
PRT,5.1,Y
PRT,5.2,Y
PRT,5.3,N
PRT,5.4,N
PRT,6.1,Y
PRT,6.1.1,Y
PRT,7.2,Y
PRT,7.3,Y
PRT,8.1,N
QAT,1.1,Y
QAT,1.3,Y
QAT,2.1.1,Y
QAT,2.2,P
QAT,2.3,U
QAT,2.4,U
QAT,2.5,Y
QAT,2.6,Y
QAT,2.7,Y
QAT,2.8,Y
QAT,2.9,U
QAT,3.4,Y
QAT,3.4.1,N
QAT,3.5,Y
QAT,3.5.1,
QAT,3.6,Y
QAT,4.1,Y
QAT,4.2,N
QAT,4.3,Y
QAT,4.4,Y
QAT,4.5,Y
QAT,5.1,P
QAT,5.2,Y
QAT,5.3,Y
QAT,5.4,Y
QAT,6.1,Y
QAT,6.1.1,Y
QAT,7.2,Y
QAT,7.3,Y
QAT,8.1,Y
KOR,1.1,Y
KOR,1.3,Y
KOR,2.1.1,Y
KOR,2.2,P
KOR,2.3,Y
KOR,2.4,U
KOR,2.5,Y
KOR,2.6,N
KOR,2.7,Y
KOR,2.8,Y
KOR,2.9,U
KOR,3.4,Y
KOR,3.4.1,N
KOR,3.5,Y
KOR,3.5.1,
KOR,3.6,Y
KOR,4.1,Y
KOR,4.2,P
KOR,4.3,P
KOR,4.4,N
KOR,4.5,P
KOR,5.1,P
KOR,5.2,P
KOR,5.3,Y
KOR,5.4,Y
KOR,6.1,Y
KOR,6.1.1,Y
KOR,7.2,P
KOR,7.3,P
KOR,8.1,X
ROU,1.1,Y
ROU,1.3,Y
ROU,2.1.1,Y
ROU,2.2,P
ROU,2.3,Y
ROU,2.4,N
ROU,2.5,U
ROU,2.6,Y
ROU,2.7,Y
ROU,2.8,N
ROU,2.9,U
ROU,3.4,Y
ROU,3.4.1,N
ROU,3.5,N
ROU,3.5.1,N
ROU,3.6,N
ROU,4.1,Y
ROU,4.2,N
ROU,4.3,Y
ROU,4.4,N
ROU,4.5,Y
ROU,5.1,Y
ROU,5.2,Y
ROU,5.3,Y
ROU,5.4,Y
ROU,6.1,Y
ROU,6.1.1,N
ROU,7.2,N
ROU,7.3,N
ROU,8.1,N
RUS,1.1,Y
RUS,1.3,N
RUS,2.1.1,Y
RUS,2.2,P
RUS,2.3,N
RUS,2.4,N
RUS,2.5,N
RUS,2.6,N
RUS,2.7,N
RUS,2.8,N
RUS,2.9,N
RUS,3.4,Y
RUS,3.4.1,N
RUS,3.5,Y
RUS,3.5.1,
RUS,3.6,N
RUS,4.1,N
RUS,4.2,N
RUS,4.3,N
RUS,4.4,P
RUS,4.5,Y
RUS,5.1,N
RUS,5.2,N
RUS,5.3,N
RUS,5.4,N
RUS,6.1,N
RUS,6.1.1,N
RUS,7.2,N
RUS,7.3,N
RUS,8.1,Y
SAU,1.1,Y
SAU,1.3,Y
SAU,2.1.1,N
SAU,2.2,Y
SAU,2.3,Y
SAU,2.4,Y
SAU,2.5,Y
SAU,2.6,Y
SAU,2.7,Y
SAU,2.8,Y
SAU,2.9,Y
SAU,3.4,Y
SAU,3.4.1,N
SAU,3.5,Y
SAU,3.5.1,
SAU,3.6,Y
SAU,4.1,Y
SAU,4.2,Y
SAU,4.3,Y
SAU,4.4,Y
SAU,4.5,Y
SAU,5.1,Y
SAU,5.2,Y
SAU,5.3,Y
SAU,5.4,Y
SAU,6.1,Y
SAU,6.1.1,Y
SAU,7.2,Y
SAU,7.3,Y
SAU,8.1,Y
SEN,1.1,Y
SEN,1.3,Y
SEN,2.1.1,Y
SEN,2.2,P
SEN,2.3,U
SEN,2.4,U
SEN,2.5,Y
SEN,2.6,N
SEN,2.7,X
SEN,2.8,Y
SEN,2.9,U
SEN,3.4,N
SEN,3.4.1,N
SEN,3.5,N
SEN,3.5.1,N
SEN,3.6,
SEN,4.1,Y
SEN,4.2,Y
SEN,4.3,X
SEN,4.4,Y
SEN,4.5,Y
SEN,5.1,X
SEN,5.2,Y
SEN,5.3,X
SEN,5.4,Y
SEN,6.1,Y
SEN,6.1.1,N
SEN,7.2,X
SEN,7.3,X
SEN,8.1,X
SLE,1.1,Y
SLE,1.3,Y
SLE,2.1.1,Y
SLE,2.2,P
SLE,2.3,Y
SLE,2.4,Y
SLE,2.5,Y
SLE,2.6,N
SLE,2.7,N
SLE,2.8,N
SLE,2.9,U
SLE,3.4,U
SLE,3.4.1,N
SLE,3.5,N
SLE,3.5.1,
SLE,3.6,Y
SLE,4.1,Y
SLE,4.2,Y
SLE,4.3,N
SLE,4.4,Y
SLE,4.5,Y
SLE,5.1,Y
SLE,5.2,Y
SLE,5.3,N
SLE,5.4,N
SLE,6.1,Y
SLE,6.1.1,Y
SLE,7.2,Y
SLE,7.3,Y
SLE,8.1,N
SVK,1.1,Y
SVK,1.3,Y
SVK,2.1.1,N
SVK,2.2,Y
SVK,2.3,Y
SVK,2.4,Y
SVK,2.5,U
SVK,2.6,Y
SVK,2.7,N
SVK,2.8,Y
SVK,2.9,U
SVK,3.4,Y
SVK,3.4.1,Y
SVK,3.5,N
SVK,3.5.1,Y
SVK,3.6,Y
SVK,4.1,N
SVK,4.2,N
SVK,4.3,N
SVK,4.4,N
SVK,4.5,Y
SVK,5.1,N
SVK,5.2,N
SVK,5.3,N
SVK,5.4,Y
SVK,6.1,N
SVK,6.1.1,N
SVK,7.2,N
SVK,7.3,N
SVK,8.1,Y
SVN,1.1,Y
SVN,1.3,Y
SVN,2.1.1,Y
SVN,2.2,P
SVN,2.3,Y
SVN,2.4,Y
SVN,2.5,Y
SVN,2.6,Y
SVN,2.7,Y
SVN,2.8,N
SVN,2.9,U
SVN,3.4,Y
SVN,3.4.1,Y
SVN,3.5,Y
SVN,3.5.1,
SVN,3.6,N
SVN,4.1,Y
SVN,4.2,N
SVN,4.3,N
SVN,4.4,P
SVN,4.5,Y
SVN,5.1,Y
SVN,5.2,Y
SVN,5.3,N
SVN,5.4,Y
SVN,6.1,Y
SVN,6.1.1,Y
SVN,7.2,Y
SVN,7.3,Y
SVN,8.1,N
ZAF,1.1,Y
ZAF,1.3,Y
ZAF,2.1.1,N
ZAF,2.2,Y
ZAF,2.3,Y
ZAF,2.4,Y
ZAF,2.5,Y
ZAF,2.6,Y
ZAF,2.7,Y
ZAF,2.8,Y
ZAF,2.9,Y
ZAF,3.4,U
ZAF,3.4.1,N
ZAF,3.5,Y
ZAF,3.5.1,
ZAF,3.6,Y
ZAF,4.1,Y
ZAF,4.2,Y
ZAF,4.3,Y
ZAF,4.4,Y
ZAF,4.5,Y
ZAF,5.1,Y
ZAF,5.2,Y
ZAF,5.3,Y
ZAF,5.4,N
ZAF,6.1,Y
ZAF,6.1.1,N
ZAF,7.2,Y
ZAF,7.3,Y
ZAF,8.1,Y
PSE,1.1,Y
PSE,1.3,Y
PSE,2.1.1,Y
PSE,2.2,N
PSE,2.3,N
PSE,2.4,Y
PSE,2.5,N
PSE,2.6,N
PSE,2.7,Y
PSE,2.8,N
PSE,2.9,N
PSE,3.4,Y
PSE,3.4.1,N
PSE,3.5,N
PSE,3.5.1,Y
PSE,3.6,N
PSE,4.1,N
PSE,4.2,N
PSE,4.3,Y
PSE,4.4,N
PSE,4.5,Y
PSE,5.1,N
PSE,5.2,N
PSE,5.3,N
PSE,5.4,N
PSE,6.1,N
PSE,6.1.1,N
PSE,7.2,N
PSE,7.3,Y
PSE,8.1,Y
SWE,1.1,Y
SWE,1.3,Y
SWE,2.1.1,N
SWE,2.2,Y
SWE,2.3,Y
SWE,2.4,Y
SWE,2.5,Y
SWE,2.6,Y
SWE,2.7,Y
SWE,2.8,N
SWE,2.9,Y
SWE,3.4,Y
SWE,3.4.1,Y
SWE,3.5,Y
SWE,3.5.1,
SWE,3.6,N
SWE,4.1,Y
SWE,4.2,N
SWE,4.3,N
SWE,4.4,P
SWE,4.5,Y
SWE,5.1,Y
SWE,5.2,Y
SWE,5.3,Y
SWE,5.4,N
SWE,6.1,Y
SWE,6.1.1,N
SWE,7.2,Y
SWE,7.3,Y
SWE,8.1,N
CHE,1.1,Y
CHE,1.3,Y
CHE,2.1.1,N
CHE,2.2,Y
CHE,2.3,Y
CHE,2.4,Y
CHE,2.5,Y
CHE,2.6,Y
CHE,2.7,Y
CHE,2.8,N
CHE,2.9,U
CHE,3.4,Y
CHE,3.4.1,Y
CHE,3.5,Y
CHE,3.5.1,
CHE,3.6,Y
CHE,4.1,Y
CHE,4.2,N
CHE,4.3,N
CHE,4.4,Y
CHE,4.5,Y
CHE,5.1,Y
CHE,5.2,Y
CHE,5.3,Y
CHE,5.4,N
CHE,6.1,Y
CHE,6.1.1,Y
CHE,7.2,N
CHE,7.3,N
CHE,8.1,Y
THA,1.1,Y
THA,1.3,Y
THA,2.1.1,Y
THA,2.2,Y
THA,2.3,Y
THA,2.4,Y
THA,2.5,Y
THA,2.6,Y
THA,2.7,Y
THA,2.8,X
THA,2.9,X
THA,3.4,Y
THA,3.4.1,Y
THA,3.5,X
THA,3.5.1,
THA,3.6,X
THA,4.1,Y
THA,4.2,Y
THA,4.3,Y
THA,4.4,X
THA,4.5,Y
THA,5.1,X
THA,5.2,X
THA,5.3,X
THA,5.4,X
THA,6.1,Y
THA,6.1.1,N
THA,7.2,X
THA,7.3,X
THA,8.1,N
TLS,1.1,N
TLS,1.3,N
TLS,2.1.1,X
TLS,2.2,N
TLS,2.3,U
TLS,2.4,U
TLS,2.5,U
TLS,2.6,U
TLS,2.7,N
TLS,2.8,N
TLS,2.9,U
TLS,3.4,U
TLS,3.4.1,N
TLS,3.5,N
TLS,3.5.1,N
TLS,3.6,N
TLS,4.1,N
TLS,4.2,N
TLS,4.3,N
TLS,4.4,N
TLS,4.5,Y
TLS,5.1,N
TLS,5.2,N
TLS,5.3,Y
TLS,5.4,Y
TLS,6.1,N
TLS,6.1.1,N
TLS,7.2,N
TLS,7.3,N
TLS,8.1,Y
TGO,1.1,N
TGO,1.3,Y
TGO,2.1.1,X
TGO,2.2,Y
TGO,2.3,X
TGO,2.4,N
TGO,2.5,N
TGO,2.6,Y
TGO,2.7,X
TGO,2.8,X
TGO,2.9,X
TGO,3.4,Y
TGO,3.4.1,N
TGO,3.5,X
TGO,3.5.1,
TGO,3.6,Y
TGO,4.1,Y
TGO,4.2,X
TGO,4.3,X
TGO,4.4,X
TGO,4.5,X
TGO,5.1,Y
TGO,5.2,X
TGO,5.3,X
TGO,5.4,X
TGO,6.1,Y
TGO,6.1.1,N
TGO,7.2,N
TGO,7.3,X
TGO,8.1,Y
TUR,1.1,Y
TUR,1.3,Y
TUR,2.1.1,N
TUR,2.2,N
TUR,2.3,Y
TUR,2.4,N
TUR,2.5,Y
TUR,2.6,Y
TUR,2.7,Y
TUR,2.8,Y
TUR,2.9,N
TUR,3.4,Y
TUR,3.4.1,N
TUR,3.5,Y
TUR,3.5.1,
TUR,3.6,N
TUR,4.1,Y
TUR,4.2,X
TUR,4.3,X
TUR,4.4,X
TUR,4.5,X
TUR,5.1,Y
TUR,5.2,N
TUR,5.3,Y
TUR,5.4,X
TUR,6.1,
TUR,6.1.1,N
TUR,7.2,N
TUR,7.3,Y
TUR,8.1,N
UGA,1.1,Y
UGA,1.3,Y
UGA,2.1.1,Y
UGA,2.2,N
UGA,2.3,N
UGA,2.4,N
UGA,2.5,N
UGA,2.6,N
UGA,2.7,N
UGA,2.8,N
UGA,2.9,N
UGA,3.4,U
UGA,3.4.1,N
UGA,3.5,N
UGA,3.5.1,
UGA,3.6,N
UGA,4.1,N
UGA,4.2,N
UGA,4.3,N
UGA,4.4,N
UGA,4.5,N
UGA,5.1,Y
UGA,5.2,N
UGA,5.3,N
UGA,5.4,N
UGA,6.1,Y
UGA,6.1.1,Y
UGA,7.2,N
UGA,7.3,N
UGA,8.1,N
UKR,1.1,Y
UKR,1.3,Y
UKR,2.1.1,Y
UKR,2.2,P
UKR,2.3,Y
UKR,2.4,Y
UKR,2.5,Y
UKR,2.6,N
UKR,2.7,Y
UKR,2.8,N
UKR,2.9,Y
UKR,3.4,U
UKR,3.4.1,Y
UKR,3.5,Y
UKR,3.5.1,
UKR,3.6,N
UKR,4.1,Y
UKR,4.2,N
UKR,4.3,N
UKR,4.4,Y
UKR,4.5,N
UKR,5.1,N
UKR,5.2,N
UKR,5.3,N
UKR,5.4,N
UKR,6.1,N
UKR,6.1.1,N
UKR,7.2,N
UKR,7.3,Y
UKR,8.1,Y
TZA,1.1,Y
TZA,1.3,Y
TZA,2.1.1,X
TZA,2.2,N
TZA,2.3,N
TZA,2.4,N
TZA,2.5,Y
TZA,2.6,N
TZA,2.7,Y
TZA,2.8,Y
TZA,2.9,N
TZA,3.4,Y
TZA,3.4.1,N
TZA,3.5,Y
TZA,3.5.1,
TZA,3.6,Y
TZA,4.1,Y
TZA,4.2,N
TZA,4.3,Y
TZA,4.4,P
TZA,4.5,Y
TZA,5.1,Y
TZA,5.2,N
TZA,5.3,Y
TZA,5.4,N
TZA,6.1,Y
TZA,6.1.1,N
TZA,7.2,N
TZA,7.3,Y
TZA,8.1,Y
UZB,1.1,Y
UZB,1.3,Y
UZB,2.1.1,N
UZB,2.2,P
UZB,2.3,U
UZB,2.4,X
UZB,2.5,X
UZB,2.6,Y
UZB,2.7,Y
UZB,2.8,Y
UZB,2.9,Y
UZB,3.4,Y
UZB,3.4.1,N
UZB,3.5,Y
UZB,3.5.1,
UZB,3.6,Y
UZB,4.1,Y
UZB,4.2,Y
UZB,4.3,Y
UZB,4.4,Y
UZB,4.5,Y
UZB,5.1,X
UZB,5.2,P
UZB,5.3,Y
UZB,5.4,X
UZB,6.1,
UZB,6.1.1,N
UZB,7.2,X
UZB,7.3,Y
UZB,8.1,X
